date,total_cases,new_cases,total_deaths,new_deaths,total_cases_per_million,new_cases_per_million,total_deaths_per_million,new_deaths_per_million,new_tests,total_tests,total_tests_per_thousand,new_tests_per_thousand,new_tests_smoothed,new_tests_smoothed_per_thousand,tests_units,stringency_index,population,population_density,median_age,aged_65_older,aged_70_older,gdp_per_capita,extreme_poverty,cardiovasc_death_rate,diabetes_prevalence,female_smokers,male_smokers,handwashing_facilities,hospital_beds_per_thousand,life_expectancy
12/31/2019,0,0,0,0,0,0,0,0,NA,NA,NA,NA,NA,NA,,NA,46754783,93.105,45.5,19.436,13.799,34272.36,1,99.403,7.17,27.4,31.4,NA,2.97,83.56
1/1/2020,0,0,0,0,0,0,0,0,NA,NA,NA,NA,NA,NA,,0,46754783,93.105,45.5,19.436,13.799,34272.36,1,99.403,7.17,27.4,31.4,NA,2.97,83.56
1/2/2020,0,0,0,0,0,0,0,0,NA,NA,NA,NA,NA,NA,,0,46754783,93.105,45.5,19.436,13.799,34272.36,1,99.403,7.17,27.4,31.4,NA,2.97,83.56
1/3/2020,0,0,0,0,0,0,0,0,NA,NA,NA,NA,NA,NA,,0,46754783,93.105,45.5,19.436,13.799,34272.36,1,99.403,7.17,27.4,31.4,NA,2.97,83.56
1/4/2020,0,0,0,0,0,0,0,0,NA,NA,NA,NA,NA,NA,,0,46754783,93.105,45.5,19.436,13.799,34272.36,1,99.403,7.17,27.4,31.4,NA,2.97,83.56
1/5/2020,0,0,0,0,0,0,0,0,NA,NA,NA,NA,NA,NA,,0,46754783,93.105,45.5,19.436,13.799,34272.36,1,99.403,7.17,27.4,31.4,NA,2.97,83.56
1/6/2020,0,0,0,0,0,0,0,0,NA,NA,NA,NA,NA,NA,,0,46754783,93.105,45.5,19.436,13.799,34272.36,1,99.403,7.17,27.4,31.4,NA,2.97,83.56
1/7/2020,0,0,0,0,0,0,0,0,NA,NA,NA,NA,NA,NA,,0,46754783,93.105,45.5,19.436,13.799,34272.36,1,99.403,7.17,27.4,31.4,NA,2.97,83.56
1/8/2020,0,0,0,0,0,0,0,0,NA,NA,NA,NA,NA,NA,,0,46754783,93.105,45.5,19.436,13.799,34272.36,1,99.403,7.17,27.4,31.4,NA,2.97,83.56
1/9/2020,0,0,0,0,0,0,0,0,NA,NA,NA,NA,NA,NA,,0,46754783,93.105,45.5,19.436,13.799,34272.36,1,99.403,7.17,27.4,31.4,NA,2.97,83.56
1/10/2020,0,0,0,0,0,0,0,0,NA,NA,NA,NA,NA,NA,,0,46754783,93.105,45.5,19.436,13.799,34272.36,1,99.403,7.17,27.4,31.4,NA,2.97,83.56
1/11/2020,0,0,0,0,0,0,0,0,NA,NA,NA,NA,NA,NA,,0,46754783,93.105,45.5,19.436,13.799,34272.36,1,99.403,7.17,27.4,31.4,NA,2.97,83.56
1/12/2020,0,0,0,0,0,0,0,0,NA,NA,NA,NA,NA,NA,,0,46754783,93.105,45.5,19.436,13.799,34272.36,1,99.403,7.17,27.4,31.4,NA,2.97,83.56
1/13/2020,0,0,0,0,0,0,0,0,NA,NA,NA,NA,NA,NA,,0,46754783,93.105,45.5,19.436,13.799,34272.36,1,99.403,7.17,27.4,31.4,NA,2.97,83.56
1/14/2020,0,0,0,0,0,0,0,0,NA,NA,NA,NA,NA,NA,,0,46754783,93.105,45.5,19.436,13.799,34272.36,1,99.403,7.17,27.4,31.4,NA,2.97,83.56
1/15/2020,0,0,0,0,0,0,0,0,NA,NA,NA,NA,NA,NA,,0,46754783,93.105,45.5,19.436,13.799,34272.36,1,99.403,7.17,27.4,31.4,NA,2.97,83.56
1/16/2020,0,0,0,0,0,0,0,0,NA,NA,NA,NA,NA,NA,,0,46754783,93.105,45.5,19.436,13.799,34272.36,1,99.403,7.17,27.4,31.4,NA,2.97,83.56
1/17/2020,0,0,0,0,0,0,0,0,NA,NA,NA,NA,NA,NA,,0,46754783,93.105,45.5,19.436,13.799,34272.36,1,99.403,7.17,27.4,31.4,NA,2.97,83.56
1/18/2020,0,0,0,0,0,0,0,0,NA,NA,NA,NA,NA,NA,,0,46754783,93.105,45.5,19.436,13.799,34272.36,1,99.403,7.17,27.4,31.4,NA,2.97,83.56
1/19/2020,0,0,0,0,0,0,0,0,NA,NA,NA,NA,NA,NA,,0,46754783,93.105,45.5,19.436,13.799,34272.36,1,99.403,7.17,27.4,31.4,NA,2.97,83.56
1/20/2020,0,0,0,0,0,0,0,0,NA,NA,NA,NA,NA,NA,,0,46754783,93.105,45.5,19.436,13.799,34272.36,1,99.403,7.17,27.4,31.4,NA,2.97,83.56
1/21/2020,0,0,0,0,0,0,0,0,NA,NA,NA,NA,NA,NA,,0,46754783,93.105,45.5,19.436,13.799,34272.36,1,99.403,7.17,27.4,31.4,NA,2.97,83.56
1/22/2020,0,0,0,0,0,0,0,0,NA,NA,NA,NA,NA,NA,,0,46754783,93.105,45.5,19.436,13.799,34272.36,1,99.403,7.17,27.4,31.4,NA,2.97,83.56
1/23/2020,0,0,0,0,0,0,0,0,NA,NA,NA,NA,NA,NA,,0,46754783,93.105,45.5,19.436,13.799,34272.36,1,99.403,7.17,27.4,31.4,NA,2.97,83.56
1/24/2020,0,0,0,0,0,0,0,0,NA,NA,NA,NA,NA,NA,,0,46754783,93.105,45.5,19.436,13.799,34272.36,1,99.403,7.17,27.4,31.4,NA,2.97,83.56
1/25/2020,0,0,0,0,0,0,0,0,NA,NA,NA,NA,NA,NA,,0,46754783,93.105,45.5,19.436,13.799,34272.36,1,99.403,7.17,27.4,31.4,NA,2.97,83.56
1/26/2020,0,0,0,0,0,0,0,0,NA,NA,NA,NA,NA,NA,,0,46754783,93.105,45.5,19.436,13.799,34272.36,1,99.403,7.17,27.4,31.4,NA,2.97,83.56
1/27/2020,0,0,0,0,0,0,0,0,NA,NA,NA,NA,NA,NA,,0,46754783,93.105,45.5,19.436,13.799,34272.36,1,99.403,7.17,27.4,31.4,NA,2.97,83.56
1/28/2020,0,0,0,0,0,0,0,0,NA,NA,NA,NA,NA,NA,,0,46754783,93.105,45.5,19.436,13.799,34272.36,1,99.403,7.17,27.4,31.4,NA,2.97,83.56
1/29/2020,0,0,0,0,0,0,0,0,NA,NA,NA,NA,NA,NA,,0,46754783,93.105,45.5,19.436,13.799,34272.36,1,99.403,7.17,27.4,31.4,NA,2.97,83.56
1/30/2020,0,0,0,0,0,0,0,0,NA,NA,NA,NA,NA,NA,,0,46754783,93.105,45.5,19.436,13.799,34272.36,1,99.403,7.17,27.4,31.4,NA,2.97,83.56
1/31/2020,0,0,0,0,0,0,0,0,NA,NA,NA,NA,NA,NA,,11.11,46754783,93.105,45.5,19.436,13.799,34272.36,1,99.403,7.17,27.4,31.4,NA,2.97,83.56
2/1/2020,1,1,0,0,0.021,0.021,0,0,NA,NA,NA,NA,NA,NA,,11.11,46754783,93.105,45.5,19.436,13.799,34272.36,1,99.403,7.17,27.4,31.4,NA,2.97,83.56
2/2/2020,1,0,0,0,0.021,0,0,0,NA,NA,NA,NA,NA,NA,,11.11,46754783,93.105,45.5,19.436,13.799,34272.36,1,99.403,7.17,27.4,31.4,NA,2.97,83.56
2/3/2020,1,0,0,0,0.021,0,0,0,NA,NA,NA,NA,NA,NA,,11.11,46754783,93.105,45.5,19.436,13.799,34272.36,1,99.403,7.17,27.4,31.4,NA,2.97,83.56
2/4/2020,1,0,0,0,0.021,0,0,0,NA,NA,NA,NA,NA,NA,,11.11,46754783,93.105,45.5,19.436,13.799,34272.36,1,99.403,7.17,27.4,31.4,NA,2.97,83.56
2/5/2020,1,0,0,0,0.021,0,0,0,NA,NA,NA,NA,NA,NA,,11.11,46754783,93.105,45.5,19.436,13.799,34272.36,1,99.403,7.17,27.4,31.4,NA,2.97,83.56
2/6/2020,1,0,0,0,0.021,0,0,0,NA,NA,NA,NA,NA,NA,,11.11,46754783,93.105,45.5,19.436,13.799,34272.36,1,99.403,7.17,27.4,31.4,NA,2.97,83.56
2/7/2020,1,0,0,0,0.021,0,0,0,NA,NA,NA,NA,NA,NA,,11.11,46754783,93.105,45.5,19.436,13.799,34272.36,1,99.403,7.17,27.4,31.4,NA,2.97,83.56
2/8/2020,1,0,0,0,0.021,0,0,0,NA,NA,NA,NA,NA,NA,,11.11,46754783,93.105,45.5,19.436,13.799,34272.36,1,99.403,7.17,27.4,31.4,NA,2.97,83.56
2/9/2020,1,0,0,0,0.021,0,0,0,NA,NA,NA,NA,NA,NA,,11.11,46754783,93.105,45.5,19.436,13.799,34272.36,1,99.403,7.17,27.4,31.4,NA,2.97,83.56
2/10/2020,2,1,0,0,0.043,0.021,0,0,NA,NA,NA,NA,NA,NA,,11.11,46754783,93.105,45.5,19.436,13.799,34272.36,1,99.403,7.17,27.4,31.4,NA,2.97,83.56
2/11/2020,2,0,0,0,0.043,0,0,0,NA,NA,NA,NA,NA,NA,,11.11,46754783,93.105,45.5,19.436,13.799,34272.36,1,99.403,7.17,27.4,31.4,NA,2.97,83.56
2/12/2020,2,0,0,0,0.043,0,0,0,NA,NA,NA,NA,NA,NA,,11.11,46754783,93.105,45.5,19.436,13.799,34272.36,1,99.403,7.17,27.4,31.4,NA,2.97,83.56
2/13/2020,2,0,0,0,0.043,0,0,0,NA,NA,NA,NA,NA,NA,,11.11,46754783,93.105,45.5,19.436,13.799,34272.36,1,99.403,7.17,27.4,31.4,NA,2.97,83.56
2/14/2020,2,0,0,0,0.043,0,0,0,NA,NA,NA,NA,NA,NA,,11.11,46754783,93.105,45.5,19.436,13.799,34272.36,1,99.403,7.17,27.4,31.4,NA,2.97,83.56
2/15/2020,2,0,0,0,0.043,0,0,0,NA,NA,NA,NA,NA,NA,,11.11,46754783,93.105,45.5,19.436,13.799,34272.36,1,99.403,7.17,27.4,31.4,NA,2.97,83.56
2/16/2020,2,0,0,0,0.043,0,0,0,NA,NA,NA,NA,NA,NA,,11.11,46754783,93.105,45.5,19.436,13.799,34272.36,1,99.403,7.17,27.4,31.4,NA,2.97,83.56
2/17/2020,2,0,0,0,0.043,0,0,0,NA,NA,NA,NA,NA,NA,,11.11,46754783,93.105,45.5,19.436,13.799,34272.36,1,99.403,7.17,27.4,31.4,NA,2.97,83.56
2/18/2020,2,0,0,0,0.043,0,0,0,NA,NA,NA,NA,NA,NA,,11.11,46754783,93.105,45.5,19.436,13.799,34272.36,1,99.403,7.17,27.4,31.4,NA,2.97,83.56
2/19/2020,2,0,0,0,0.043,0,0,0,NA,NA,NA,NA,NA,NA,,11.11,46754783,93.105,45.5,19.436,13.799,34272.36,1,99.403,7.17,27.4,31.4,NA,2.97,83.56
2/20/2020,2,0,0,0,0.043,0,0,0,NA,NA,NA,NA,NA,NA,,11.11,46754783,93.105,45.5,19.436,13.799,34272.36,1,99.403,7.17,27.4,31.4,NA,2.97,83.56
2/21/2020,2,0,0,0,0.043,0,0,0,NA,NA,NA,NA,NA,NA,,11.11,46754783,93.105,45.5,19.436,13.799,34272.36,1,99.403,7.17,27.4,31.4,NA,2.97,83.56
2/22/2020,2,0,0,0,0.043,0,0,0,NA,NA,NA,NA,NA,NA,,11.11,46754783,93.105,45.5,19.436,13.799,34272.36,1,99.403,7.17,27.4,31.4,NA,2.97,83.56
2/23/2020,2,0,0,0,0.043,0,0,0,NA,NA,NA,NA,NA,NA,,11.11,46754783,93.105,45.5,19.436,13.799,34272.36,1,99.403,7.17,27.4,31.4,NA,2.97,83.56
2/24/2020,2,0,0,0,0.043,0,0,0,NA,NA,NA,NA,NA,NA,,11.11,46754783,93.105,45.5,19.436,13.799,34272.36,1,99.403,7.17,27.4,31.4,NA,2.97,83.56
2/25/2020,3,1,0,0,0.064,0.021,0,0,NA,NA,NA,NA,NA,NA,,11.11,46754783,93.105,45.5,19.436,13.799,34272.36,1,99.403,7.17,27.4,31.4,NA,2.97,83.56
2/26/2020,9,6,0,0,0.192,0.128,0,0,NA,NA,NA,NA,NA,NA,,11.11,46754783,93.105,45.5,19.436,13.799,34272.36,1,99.403,7.17,27.4,31.4,NA,2.97,83.56
2/27/2020,17,8,0,0,0.364,0.171,0,0,NA,NA,NA,NA,NA,NA,,11.11,46754783,93.105,45.5,19.436,13.799,34272.36,1,99.403,7.17,27.4,31.4,NA,2.97,83.56
2/28/2020,35,18,0,0,0.749,0.385,0,0,NA,NA,NA,NA,NA,NA,,11.11,46754783,93.105,45.5,19.436,13.799,34272.36,1,99.403,7.17,27.4,31.4,NA,2.97,83.56
2/29/2020,54,19,0,0,1.155,0.406,0,0,NA,NA,NA,NA,NA,NA,,11.11,46754783,93.105,45.5,19.436,13.799,34272.36,1,99.403,7.17,27.4,31.4,NA,2.97,83.56
3/1/2020,82,28,0,0,1.754,0.599,0,0,NA,NA,NA,NA,NA,NA,,11.11,46754783,93.105,45.5,19.436,13.799,34272.36,1,99.403,7.17,27.4,31.4,NA,2.97,83.56
3/2/2020,136,54,0,0,2.909,1.155,0,0,NA,NA,NA,NA,NA,NA,,11.11,46754783,93.105,45.5,19.436,13.799,34272.36,1,99.403,7.17,27.4,31.4,NA,2.97,83.56
3/3/2020,192,56,0,0,4.107,1.198,0,0,NA,NA,NA,NA,NA,NA,,11.11,46754783,93.105,45.5,19.436,13.799,34272.36,1,99.403,7.17,27.4,31.4,NA,2.97,83.56
3/4/2020,267,75,0,0,5.711,1.604,0,0,NA,NA,NA,NA,NA,NA,,11.11,46754783,93.105,45.5,19.436,13.799,34272.36,1,99.403,7.17,27.4,31.4,NA,2.97,83.56
3/5/2020,348,81,1,1,7.443,1.732,0.021,0.021,NA,NA,NA,NA,NA,NA,,11.11,46754783,93.105,45.5,19.436,13.799,34272.36,1,99.403,7.17,27.4,31.4,NA,2.97,83.56
3/6/2020,531,183,3,2,11.357,3.914,0.064,0.043,NA,NA,NA,NA,NA,NA,,11.11,46754783,93.105,45.5,19.436,13.799,34272.36,1,99.403,7.17,27.4,31.4,NA,2.97,83.56
3/7/2020,764,233,5,2,16.341,4.983,0.107,0.043,NA,NA,NA,NA,NA,NA,,11.11,46754783,93.105,45.5,19.436,13.799,34272.36,1,99.403,7.17,27.4,31.4,NA,2.97,83.56
3/8/2020,1094,330,5,0,23.399,7.058,0.107,0,NA,NA,NA,NA,NA,NA,,11.11,46754783,93.105,45.5,19.436,13.799,34272.36,1,99.403,7.17,27.4,31.4,NA,2.97,83.56
3/9/2020,1527,433,5,0,32.66,9.261,0.107,0,NA,NA,NA,NA,NA,NA,,25,46754783,93.105,45.5,19.436,13.799,34272.36,1,99.403,7.17,27.4,31.4,NA,2.97,83.56
3/10/2020,2299,772,28,23,49.171,16.512,0.599,0.492,NA,NA,NA,NA,NA,NA,,45.83,46754783,93.105,45.5,19.436,13.799,34272.36,1,99.403,7.17,27.4,31.4,NA,2.97,83.56
3/11/2020,3274,975,35,7,70.025,20.853,0.749,0.15,NA,NA,NA,NA,NA,NA,,45.83,46754783,93.105,45.5,19.436,13.799,34272.36,1,99.403,7.17,27.4,31.4,NA,2.97,83.56
3/12/2020,4427,1153,47,12,94.685,24.661,1.005,0.257,NA,NA,NA,NA,NA,NA,,45.83,46754783,93.105,45.5,19.436,13.799,34272.36,1,99.403,7.17,27.4,31.4,NA,2.97,83.56
3/13/2020,5958,1531,84,37,127.431,32.745,1.797,0.791,NA,NA,NA,NA,NA,NA,,45.83,46754783,93.105,45.5,19.436,13.799,34272.36,1,99.403,7.17,27.4,31.4,NA,2.97,83.56
3/14/2020,7641,1683,121,37,163.427,35.996,2.588,0.791,NA,NA,NA,NA,NA,NA,,67.13,46754783,93.105,45.5,19.436,13.799,34272.36,1,99.403,7.17,27.4,31.4,NA,2.97,83.56
3/15/2020,9785,2144,136,15,209.283,45.856,2.909,0.321,NA,NA,NA,NA,NA,NA,,67.13,46754783,93.105,45.5,19.436,13.799,34272.36,1,99.403,7.17,27.4,31.4,NA,2.97,83.56
3/16/2020,11491,1706,288,152,245.772,36.488,6.16,3.251,NA,NA,NA,NA,NA,NA,,68.98,46754783,93.105,45.5,19.436,13.799,34272.36,1,99.403,7.17,27.4,31.4,NA,2.97,83.56
3/17/2020,13994,2503,309,21,299.306,53.535,6.609,0.449,NA,NA,NA,NA,NA,NA,,71.76,46754783,93.105,45.5,19.436,13.799,34272.36,1,99.403,7.17,27.4,31.4,NA,2.97,83.56
3/18/2020,17688,3694,491,182,378.314,79.008,10.502,3.893,NA,NA,NA,NA,NA,NA,,71.76,46754783,93.105,45.5,19.436,13.799,34272.36,1,99.403,7.17,27.4,31.4,NA,2.97,83.56
3/19/2020,21735,4047,598,107,464.872,86.558,12.79,2.289,NA,NA,NA,NA,NA,NA,,71.76,46754783,93.105,45.5,19.436,13.799,34272.36,1,99.403,7.17,27.4,31.4,NA,2.97,83.56
3/20/2020,26304,4569,767,169,562.595,97.723,16.405,3.615,NA,NA,NA,NA,NA,NA,,71.76,46754783,93.105,45.5,19.436,13.799,34272.36,1,99.403,7.17,27.4,31.4,NA,2.97,83.56
3/21/2020,31750,5446,1002,235,679.075,116.48,21.431,5.026,NA,NA,NA,NA,NA,NA,,71.76,46754783,93.105,45.5,19.436,13.799,34272.36,1,99.403,7.17,27.4,31.4,NA,2.97,83.56
3/22/2020,36616,4866,1326,324,783.15,104.075,28.361,6.93,NA,NA,NA,NA,NA,NA,,71.76,46754783,93.105,45.5,19.436,13.799,34272.36,1,99.403,7.17,27.4,31.4,NA,2.97,83.56
3/23/2020,41262,4646,1720,394,882.519,99.37,36.788,8.427,NA,NA,NA,NA,NA,NA,,71.76,46754783,93.105,45.5,19.436,13.799,34272.36,1,99.403,7.17,27.4,31.4,NA,2.97,83.56
3/24/2020,48953,7691,2182,462,1047.016,164.497,46.669,9.881,NA,NA,NA,NA,NA,NA,,71.76,46754783,93.105,45.5,19.436,13.799,34272.36,1,99.403,7.17,27.4,31.4,NA,2.97,83.56
3/25/2020,57506,8553,2696,514,1229.949,182.933,57.663,10.994,NA,NA,NA,NA,NA,NA,,71.76,46754783,93.105,45.5,19.436,13.799,34272.36,1,99.403,7.17,27.4,31.4,NA,2.97,83.56
3/26/2020,66460,8954,3434,738,1421.459,191.51,73.447,15.784,NA,NA,NA,NA,NA,NA,,71.76,46754783,93.105,45.5,19.436,13.799,34272.36,1,99.403,7.17,27.4,31.4,NA,2.97,83.56
3/27/2020,75641,9181,4089,655,1617.824,196.365,87.456,14.009,NA,NA,NA,NA,NA,NA,,71.76,46754783,93.105,45.5,19.436,13.799,34272.36,1,99.403,7.17,27.4,31.4,NA,2.97,83.56
3/28/2020,83885,8244,4858,769,1794.148,176.324,103.904,16.448,NA,NA,NA,NA,NA,NA,,71.76,46754783,93.105,45.5,19.436,13.799,34272.36,1,99.403,7.17,27.4,31.4,NA,2.97,83.56
3/29/2020,90309,6424,5690,832,1931.546,137.398,121.699,17.795,NA,NA,NA,NA,NA,NA,,71.76,46754783,93.105,45.5,19.436,13.799,34272.36,1,99.403,7.17,27.4,31.4,NA,2.97,83.56
3/30/2020,96122,5813,6528,838,2055.875,124.33,139.622,17.923,NA,NA,NA,NA,NA,NA,,85.19,46754783,93.105,45.5,19.436,13.799,34272.36,1,99.403,7.17,27.4,31.4,NA,2.97,83.56
3/31/2020,104267,8145,7340,812,2230.082,174.207,156.989,17.367,NA,NA,NA,NA,NA,NA,,85.19,46754783,93.105,45.5,19.436,13.799,34272.36,1,99.403,7.17,27.4,31.4,NA,2.97,83.56
4/1/2020,111680,7413,8189,849,2388.633,158.551,175.148,18.159,NA,NA,NA,NA,NA,NA,,85.19,46754783,93.105,45.5,19.436,13.799,34272.36,1,99.403,7.17,27.4,31.4,NA,2.97,83.56
4/2/2020,119263,7583,9053,864,2550.819,162.187,193.627,18.479,NA,NA,NA,NA,NA,NA,,85.19,46754783,93.105,45.5,19.436,13.799,34272.36,1,99.403,7.17,27.4,31.4,NA,2.97,83.56
4/3/2020,126535,7272,10003,950,2706.354,155.535,213.946,20.319,NA,NA,NA,NA,NA,NA,,85.19,46754783,93.105,45.5,19.436,13.799,34272.36,1,99.403,7.17,27.4,31.4,NA,2.97,83.56
4/4/2020,133198,6663,10935,932,2848.864,142.509,233.88,19.934,NA,NA,NA,NA,NA,NA,,85.19,46754783,93.105,45.5,19.436,13.799,34272.36,1,99.403,7.17,27.4,31.4,NA,2.97,83.56
4/5/2020,138731,5533,11744,809,2967.204,118.341,251.183,17.303,NA,NA,NA,NA,NA,NA,,85.19,46754783,93.105,45.5,19.436,13.799,34272.36,1,99.403,7.17,27.4,31.4,NA,2.97,83.56
4/6/2020,142398,3667,12418,674,3045.635,78.43,265.598,14.416,NA,NA,NA,NA,NA,NA,,85.19,46754783,93.105,45.5,19.436,13.799,34272.36,1,99.403,7.17,27.4,31.4,NA,2.97,83.56
4/7/2020,147607,5209,13055,637,3157.046,111.411,279.223,13.624,NA,NA,NA,NA,NA,NA,,85.19,46754783,93.105,45.5,19.436,13.799,34272.36,1,99.403,7.17,27.4,31.4,NA,2.97,83.56
4/8/2020,153190,5583,13798,743,3276.456,119.41,295.114,15.891,NA,NA,NA,NA,NA,NA,,85.19,46754783,93.105,45.5,19.436,13.799,34272.36,1,99.403,7.17,27.4,31.4,NA,2.97,83.56
4/9/2020,158935,5745,14555,757,3399.331,122.875,311.305,16.191,NA,NA,NA,NA,NA,NA,,85.19,46754783,93.105,45.5,19.436,13.799,34272.36,1,99.403,7.17,27.4,31.4,NA,2.97,83.56
4/10/2020,163472,4537,15238,683,3496.37,97.038,325.913,14.608,NA,NA,NA,NA,NA,NA,,85.19,46754783,93.105,45.5,19.436,13.799,34272.36,1,99.403,7.17,27.4,31.4,NA,2.97,83.56
4/11/2020,168022,4550,15843,605,3593.686,97.316,338.853,12.94,NA,NA,NA,NA,NA,NA,,85.19,46754783,93.105,45.5,19.436,13.799,34272.36,1,99.403,7.17,27.4,31.4,NA,2.97,83.56
4/12/2020,171921,3899,16353,510,3677.078,83.393,349.761,10.908,NA,NA,NA,NA,NA,NA,,85.19,46754783,93.105,45.5,19.436,13.799,34272.36,1,99.403,7.17,27.4,31.4,NA,2.97,83.56
4/13/2020,174951,3030,16972,619,3741.885,64.806,363,13.239,NA,930230,19.896,NA,NA,NA,tests performed,85.19,46754783,93.105,45.5,19.436,13.799,34272.36,1,99.403,7.17,27.4,31.4,NA,2.97,83.56
4/14/2020,178067,3116,17489,517,3808.53,66.646,374.058,11.058,NA,NA,NA,NA,NA,NA,tests performed,85.19,46754783,93.105,45.5,19.436,13.799,34272.36,1,99.403,7.17,27.4,31.4,NA,2.97,83.56
4/15/2020,182491,4424,18276,787,3903.151,94.621,390.89,16.833,NA,NA,NA,NA,NA,NA,tests performed,85.19,46754783,93.105,45.5,19.436,13.799,34272.36,1,99.403,7.17,27.4,31.4,NA,2.97,83.56
4/16/2020,186311,3820,18893,617,3984.854,81.703,404.087,13.197,NA,NA,NA,NA,NA,NA,tests performed,85.19,46754783,93.105,45.5,19.436,13.799,34272.36,1,99.403,7.17,27.4,31.4,NA,2.97,83.56
4/17/2020,190129,3818,19478,585,4066.514,81.66,416.599,12.512,NA,NA,NA,NA,NA,NA,tests performed,85.19,46754783,93.105,45.5,19.436,13.799,34272.36,1,99.403,7.17,27.4,31.4,NA,2.97,83.56
4/18/2020,193965,3836,20043,565,4148.56,82.045,428.683,12.084,NA,NA,NA,NA,NA,NA,tests performed,85.19,46754783,93.105,45.5,19.436,13.799,34272.36,1,99.403,7.17,27.4,31.4,NA,2.97,83.56
4/19/2020,193252,-713,20453,410,4133.31,-15.25,437.453,8.769,NA,NA,NA,NA,NA,NA,tests performed,85.19,46754783,93.105,45.5,19.436,13.799,34272.36,1,99.403,7.17,27.4,31.4,NA,2.97,83.56
4/20/2020,195470,2218,20852,399,4180.749,47.439,445.986,8.534,NA,NA,NA,NA,10529,0.225,tests performed,85.19,46754783,93.105,45.5,19.436,13.799,34272.36,1,99.403,7.17,27.4,31.4,NA,2.97,83.56
4/21/2020,198421,2951,21282,430,4243.865,63.117,455.183,9.197,NA,NA,NA,NA,10529,0.225,tests performed,85.19,46754783,93.105,45.5,19.436,13.799,34272.36,1,99.403,7.17,27.4,31.4,NA,2.97,83.56
4/22/2020,200733,2312,21717,435,4293.315,49.449,464.487,9.304,NA,NA,NA,NA,10529,0.225,tests performed,85.19,46754783,93.105,45.5,19.436,13.799,34272.36,1,99.403,7.17,27.4,31.4,NA,2.97,83.56
4/23/2020,203649,2916,22157,440,4355.683,62.368,473.898,9.411,NA,1035522,22.148,NA,10529,0.225,tests performed,85.19,46754783,93.105,45.5,19.436,13.799,34272.36,1,99.403,7.17,27.4,31.4,NA,2.97,83.56
4/24/2020,205763,2114,22524,367,4400.897,45.215,481.748,7.849,NA,NA,NA,NA,15466,0.331,tests performed,85.19,46754783,93.105,45.5,19.436,13.799,34272.36,1,99.403,7.17,27.4,31.4,NA,2.97,83.56
4/25/2020,208269,2506,22902,378,4454.496,53.599,489.832,8.085,NA,NA,NA,NA,20403,0.436,tests performed,85.19,46754783,93.105,45.5,19.436,13.799,34272.36,1,99.403,7.17,27.4,31.4,NA,2.97,83.56
4/26/2020,209910,1641,23190,288,4489.594,35.098,495.992,6.16,NA,NA,NA,NA,25340,0.542,tests performed,85.19,46754783,93.105,45.5,19.436,13.799,34272.36,1,99.403,7.17,27.4,31.4,NA,2.97,83.56
4/27/2020,211570,1660,23190,0,4525.099,35.504,495.992,0,NA,NA,NA,NA,30276,0.648,tests performed,85.19,46754783,93.105,45.5,19.436,13.799,34272.36,1,99.403,7.17,27.4,31.4,NA,2.97,83.56
4/28/2020,213095,1525,23822,632,4557.716,32.617,509.509,13.517,NA,NA,NA,NA,35213,0.753,tests performed,85.19,46754783,93.105,45.5,19.436,13.799,34272.36,1,99.403,7.17,27.4,31.4,NA,2.97,83.56
4/29/2020,213942,847,24275,453,4575.831,18.116,519.198,9.689,NA,NA,NA,NA,40150,0.859,tests performed,85.19,46754783,93.105,45.5,19.436,13.799,34272.36,1,99.403,7.17,27.4,31.4,NA,2.97,83.56
4/30/2020,215183,1241,24543,268,4602.374,26.543,524.93,5.732,NA,1351130,28.898,NA,45087,0.964,tests performed,85.19,46754783,93.105,45.5,19.436,13.799,34272.36,1,99.403,7.17,27.4,31.4,NA,2.97,83.56
5/1/2020,216570,1387,24824,281,4632.039,29.665,530.94,6.01,NA,NA,NA,NA,44239,0.946,tests performed,85.19,46754783,93.105,45.5,19.436,13.799,34272.36,1,99.403,7.17,27.4,31.4,NA,2.97,83.56
5/2/2020,217804,1234,25100,276,4658.432,26.393,536.843,5.903,NA,NA,NA,NA,43392,0.928,tests performed,85.19,46754783,93.105,45.5,19.436,13.799,34272.36,1,99.403,7.17,27.4,31.4,NA,2.97,83.56
5/3/2020,218739,935,25264,164,4678.43,19.998,540.351,3.508,NA,NA,NA,NA,42544,0.91,tests performed,85.19,46754783,93.105,45.5,19.436,13.799,34272.36,1,99.403,7.17,27.4,31.4,NA,2.97,83.56
5/4/2020,219205,466,25428,164,4688.397,9.967,543.859,3.508,NA,NA,NA,NA,41697,0.892,tests performed,81.94,46754783,93.105,45.5,19.436,13.799,34272.36,1,99.403,7.17,27.4,31.4,NA,2.97,83.56
5/5/2020,220244,1039,25613,185,4710.62,22.222,547.816,3.957,NA,NA,NA,NA,40849,0.874,tests performed,81.94,46754783,93.105,45.5,19.436,13.799,34272.36,1,99.403,7.17,27.4,31.4,NA,2.97,83.56
5/6/2020,221124,880,25857,244,4729.441,18.822,553.034,5.219,NA,NA,NA,NA,40002,0.856,tests performed,81.94,46754783,93.105,45.5,19.436,13.799,34272.36,1,99.403,7.17,27.4,31.4,NA,2.97,83.56
5/7/2020,222045,921,26070,213,4749.14,19.699,557.59,4.556,NA,1625211,34.76,NA,39154,0.837,tests performed,81.94,46754783,93.105,45.5,19.436,13.799,34272.36,1,99.403,7.17,27.4,31.4,NA,2.97,83.56
5/8/2020,223218,1173,26251,181,4774.228,25.088,561.461,3.871,NA,NA,NA,NA,39565,0.846,tests performed,81.94,46754783,93.105,45.5,19.436,13.799,34272.36,1,99.403,7.17,27.4,31.4,NA,2.97,83.56
5/9/2020,223961,743,26478,227,4790.12,15.891,566.316,4.855,NA,NA,NA,NA,39976,0.855,tests performed,81.94,46754783,93.105,45.5,19.436,13.799,34272.36,1,99.403,7.17,27.4,31.4,NA,2.97,83.56
5/10/2020,227377,3416,26621,143,4863.182,73.062,569.375,3.059,NA,NA,NA,NA,40386,0.864,tests performed,81.94,46754783,93.105,45.5,19.436,13.799,34272.36,1,99.403,7.17,27.4,31.4,NA,2.97,83.56
5/11/2020,227770,393,26744,123,4871.587,8.406,572.006,2.631,NA,NA,NA,NA,40797,0.873,tests performed,81.94,46754783,93.105,45.5,19.436,13.799,34272.36,1,99.403,7.17,27.4,31.4,NA,2.97,83.56
5/12/2020,228252,482,26920,176,4881.896,10.309,575.77,3.764,NA,NA,NA,NA,41207,0.881,tests performed,81.94,46754783,93.105,45.5,19.436,13.799,34272.36,1,99.403,7.17,27.4,31.4,NA,2.97,83.56
5/13/2020,228691,439,27104,184,4891.286,9.389,579.705,3.935,NA,NA,NA,NA,41618,0.89,tests performed,83.33,46754783,93.105,45.5,19.436,13.799,34272.36,1,99.403,7.17,27.4,31.4,NA,2.97,83.56
5/14/2020,229540,849,27321,217,4909.444,18.159,584.347,4.641,NA,1919411,41.053,NA,42029,0.899,tests performed,83.33,46754783,93.105,45.5,19.436,13.799,34272.36,1,99.403,7.17,27.4,31.4,NA,2.97,83.56
5/15/2020,230183,643,27459,138,4923.197,13.753,587.298,2.952,NA,NA,NA,NA,42190,0.902,tests performed,83.33,46754783,93.105,45.5,19.436,13.799,34272.36,1,99.403,7.17,27.4,31.4,NA,2.97,83.56
5/16/2020,230698,515,27563,104,4934.212,11.015,589.523,2.224,NA,NA,NA,NA,42350,0.906,tests performed,83.33,46754783,93.105,45.5,19.436,13.799,34272.36,1,99.403,7.17,27.4,31.4,NA,2.97,83.56
5/17/2020,231350,652,27650,87,4948.157,13.945,591.383,1.861,NA,NA,NA,NA,42511,0.909,tests performed,79.17,46754783,93.105,45.5,19.436,13.799,34272.36,1,99.403,7.17,27.4,31.4,NA,2.97,83.56
5/18/2020,231606,256,27709,59,4953.632,5.475,592.645,1.262,NA,NA,NA,NA,42672,0.913,tests performed,79.17,46754783,93.105,45.5,19.436,13.799,34272.36,1,99.403,7.17,27.4,31.4,NA,2.97,83.56
5/19/2020,232037,431,27778,69,4962.851,9.218,594.121,1.476,NA,NA,NA,NA,42833,0.916,tests performed,79.17,46754783,93.105,45.5,19.436,13.799,34272.36,1,99.403,7.17,27.4,31.4,NA,2.97,83.56
5/20/2020,232555,518,27888,110,4973.93,11.079,596.474,2.353,NA,NA,NA,NA,42994,0.92,tests performed,79.17,46754783,93.105,45.5,19.436,13.799,34272.36,1,99.403,7.17,27.4,31.4,NA,2.97,83.56
5/21/2020,233037,482,27940,52,4984.239,10.309,597.586,1.112,NA,2221497,47.514,NA,43155,0.923,tests performed,79.17,46754783,93.105,45.5,19.436,13.799,34272.36,1,99.403,7.17,27.4,31.4,NA,2.97,83.56
5/22/2020,234824,1787,28628,688,5022.459,38.221,612.301,14.715,NA,NA,NA,NA,43413,0.929,tests performed,75.46,46754783,93.105,45.5,19.436,13.799,34272.36,1,99.403,7.17,27.4,31.4,NA,2.97,83.56
5/23/2020,235290,466,28678,50,5032.426,9.967,613.37,1.069,NA,NA,NA,NA,43672,0.934,tests performed,75.46,46754783,93.105,45.5,19.436,13.799,34272.36,1,99.403,7.17,27.4,31.4,NA,2.97,83.56
5/24/2020,235772,482,28752,74,5042.735,10.309,614.953,1.583,NA,NA,NA,NA,43930,0.94,tests performed,75.46,46754783,93.105,45.5,19.436,13.799,34272.36,1,99.403,7.17,27.4,31.4,NA,2.97,83.56
5/25/2020,235400,-372,26834,-1918,5034.779,-7.956,573.931,-41.023,NA,NA,NA,NA,44188,0.945,tests performed,75.46,46754783,93.105,45.5,19.436,13.799,34272.36,1,99.403,7.17,27.4,31.4,NA,2.97,83.56
5/26/2020,236259,859,27117,283,5053.151,18.372,579.983,6.053,NA,NA,NA,NA,44446,0.951,tests performed,71.76,46754783,93.105,45.5,19.436,13.799,34272.36,1,99.403,7.17,27.4,31.4,NA,2.97,83.56
5/27/2020,236769,510,27118,1,5064.059,10.908,580.005,0.021,NA,NA,NA,NA,44704,0.956,tests performed,68.06,46754783,93.105,45.5,19.436,13.799,34272.36,1,99.403,7.17,27.4,31.4,NA,2.97,83.56
5/28/2020,237906,1137,27119,1,5088.378,24.318,580.026,0.021,NA,2536234,54.245,NA,44962,0.962,tests performed,68.06,46754783,93.105,45.5,19.436,13.799,34272.36,1,99.403,7.17,27.4,31.4,NA,2.97,83.56
5/29/2020,238564,658,27121,2,5102.451,14.073,580.069,0.043,NA,NA,NA,NA,44389,0.949,tests performed,68.06,46754783,93.105,45.5,19.436,13.799,34272.36,1,99.403,7.17,27.4,31.4,NA,2.97,83.56
5/30/2020,239228,664,27125,4,5116.653,14.202,580.155,0.086,NA,NA,NA,NA,43816,0.937,tests performed,68.06,46754783,93.105,45.5,19.436,13.799,34272.36,1,99.403,7.17,27.4,31.4,NA,2.97,83.56
5/31/2020,239429,201,27127,2,5120.952,4.299,580.197,0.043,NA,NA,NA,NA,43243,0.925,tests performed,68.06,46754783,93.105,45.5,19.436,13.799,34272.36,1,99.403,7.17,27.4,31.4,NA,2.97,83.56
6/1/2020,239638,209,27127,0,5125.422,4.47,580.197,0,NA,NA,NA,NA,42669,0.913,tests performed,66.67,46754783,93.105,45.5,19.436,13.799,34272.36,1,99.403,7.17,27.4,31.4,NA,2.97,83.56
6/2/2020,239932,294,27127,0,5131.71,6.288,580.197,0,NA,NA,NA,NA,42096,0.9,tests performed,66.67,46754783,93.105,45.5,19.436,13.799,34272.36,1,99.403,7.17,27.4,31.4,NA,2.97,83.56
6/3/2020,240326,394,27128,1,5140.137,8.427,580.219,0.021,NA,NA,NA,NA,41523,0.888,tests performed,66.67,46754783,93.105,45.5,19.436,13.799,34272.36,1,99.403,7.17,27.4,31.4,NA,2.97,83.56
6/4/2020,240660,334,27133,5,5147.281,7.144,580.326,0.107,NA,2822880,60.376,NA,40949,0.876,tests performed,66.67,46754783,93.105,45.5,19.436,13.799,34272.36,1,99.403,7.17,27.4,31.4,NA,2.97,83.56
6/5/2020,240978,318,27134,1,5154.082,6.801,580.347,0.021,NA,NA,NA,NA,39974,0.855,tests performed,66.67,46754783,93.105,45.5,19.436,13.799,34272.36,1,99.403,7.17,27.4,31.4,NA,2.97,83.56
6/6/2020,241310,332,27135,1,5161.183,7.101,580.368,0.021,NA,NA,NA,NA,38999,0.834,tests performed,66.67,46754783,93.105,45.5,19.436,13.799,34272.36,1,99.403,7.17,27.4,31.4,NA,2.97,83.56
6/7/2020,241550,240,27136,1,5166.316,5.133,580.39,0.021,NA,NA,NA,NA,38024,0.813,tests performed,66.67,46754783,93.105,45.5,19.436,13.799,34272.36,1,99.403,7.17,27.4,31.4,NA,2.97,83.56
6/8/2020,241717,167,27136,0,5169.888,3.572,580.39,0,NA,NA,NA,NA,37048,0.792,tests performed,57.41,46754783,93.105,45.5,19.436,13.799,34272.36,1,99.403,7.17,27.4,31.4,NA,2.97,83.56
6/9/2020,241966,249,27136,0,5175.214,5.326,580.39,0,NA,NA,NA,NA,36073,0.772,tests performed,57.41,46754783,93.105,45.5,19.436,13.799,34272.36,1,99.403,7.17,27.4,31.4,NA,2.97,83.56
6/10/2020,242280,314,27136,0,5181.93,6.716,580.39,0,NA,NA,NA,NA,35098,0.751,tests performed,57.41,46754783,93.105,45.5,19.436,13.799,34272.36,1,99.403,7.17,27.4,31.4,NA,2.97,83.56
6/11/2020,242707,427,27136,0,5191.062,9.133,580.39,0,NA,3061738,65.485,NA,34123,0.73,tests performed,57.41,46754783,93.105,45.5,19.436,13.799,34272.36,1,99.403,7.17,27.4,31.4,NA,2.97,83.56
6/12/2020,243209,502,27136,0,5201.799,10.737,580.39,0,NA,NA,NA,NA,33914,0.725,tests performed,57.41,46754783,93.105,45.5,19.436,13.799,34272.36,1,99.403,7.17,27.4,31.4,NA,2.97,83.56
6/13/2020,243605,396,27136,0,5210.269,8.47,580.39,0,NA,NA,NA,NA,33706,0.721,tests performed,57.41,46754783,93.105,45.5,19.436,13.799,34272.36,1,99.403,7.17,27.4,31.4,NA,2.97,83.56
6/14/2020,243928,323,27136,0,5217.177,6.908,580.39,0,NA,NA,NA,NA,33498,0.716,tests performed,57.41,46754783,93.105,45.5,19.436,13.799,34272.36,1,99.403,7.17,27.4,31.4,NA,2.97,83.56
6/15/2020,244109,181,27136,0,5221.049,3.871,580.39,0,NA,NA,NA,NA,33289,0.712,tests performed,57.41,46754783,93.105,45.5,19.436,13.799,34272.36,1,99.403,7.17,27.4,31.4,NA,2.97,83.56
6/16/2020,244328,219,27136,0,5225.733,4.684,580.39,0,NA,NA,NA,NA,33081,0.708,tests performed,57.41,46754783,93.105,45.5,19.436,13.799,34272.36,1,99.403,7.17,27.4,31.4,NA,2.97,83.56
6/17/2020,244683,355,27136,0,5233.326,7.593,580.39,0,NA,NA,NA,NA,32873,0.703,tests performed,57.41,46754783,93.105,45.5,19.436,13.799,34272.36,1,99.403,7.17,27.4,31.4,NA,2.97,83.56
6/18/2020,245268,585,27136,0,5245.838,12.512,580.39,0,NA,3290388,70.375,NA,32664,0.699,tests performed,57.41,46754783,93.105,45.5,19.436,13.799,34272.36,1,99.403,7.17,27.4,31.4,NA,2.97,83.56
6/19/2020,245575,307,28315,1179,5252.404,6.566,605.606,25.217,NA,NA,NA,NA,31666,0.677,tests performed,57.41,46754783,93.105,45.5,19.436,13.799,34272.36,1,99.403,7.17,27.4,31.4,NA,2.97,83.56
6/20/2020,245938,363,28322,7,5260.168,7.764,605.756,0.15,NA,NA,NA,NA,30668,0.656,tests performed,57.41,46754783,93.105,45.5,19.436,13.799,34272.36,1,99.403,7.17,27.4,31.4,NA,2.97,83.56
6/21/2020,246272,334,28323,1,5267.311,7.144,605.778,0.021,NA,NA,NA,NA,29670,0.635,tests performed,33.8,46754783,93.105,45.5,19.436,13.799,34272.36,1,99.403,7.17,27.4,31.4,NA,2.97,83.56
6/22/2020,246504,232,28324,1,5272.273,4.962,605.799,0.021,NA,NA,NA,NA,28672,0.613,tests performed,33.8,46754783,93.105,45.5,19.436,13.799,34272.36,1,99.403,7.17,27.4,31.4,NA,2.97,83.56
6/23/2020,246752,248,28325,1,5277.578,5.304,605.82,0.021,NA,NA,NA,NA,27674,0.592,tests performed,33.8,46754783,93.105,45.5,19.436,13.799,34272.36,1,99.403,7.17,27.4,31.4,NA,2.97,83.56
6/24/2020,247086,334,28327,2,5284.721,7.144,605.863,0.043,NA,NA,NA,NA,26676,0.571,tests performed,33.8,46754783,93.105,45.5,19.436,13.799,34272.36,1,99.403,7.17,27.4,31.4,NA,2.97,83.56
6/25/2020,247486,400,28330,3,5293.277,8.555,605.927,0.064,NA,3470130,74.22,NA,25677,0.549,tests performed,33.8,46754783,93.105,45.5,19.436,13.799,34272.36,1,99.403,7.17,27.4,31.4,NA,2.97,83.56
6/26/2020,247905,419,28338,8,5302.238,8.962,606.098,0.171,NA,NA,NA,NA,25567,0.547,tests performed,33.8,46754783,93.105,45.5,19.436,13.799,34272.36,1,99.403,7.17,27.4,31.4,NA,2.97,83.56
6/27/2020,248469,564,28341,3,5314.301,12.063,606.163,0.064,NA,NA,NA,NA,25456,0.544,tests performed,33.8,46754783,93.105,45.5,19.436,13.799,34272.36,1,99.403,7.17,27.4,31.4,NA,2.97,83.56
6/28/2020,248770,301,28343,2,5320.739,6.438,606.205,0.043,NA,NA,NA,NA,25346,0.542,tests performed,33.8,46754783,93.105,45.5,19.436,13.799,34272.36,1,99.403,7.17,27.4,31.4,NA,2.97,83.56
6/29/2020,248970,200,28346,3,5325.017,4.278,606.27,0.064,NA,NA,NA,NA,25235,0.54,tests performed,33.8,46754783,93.105,45.5,19.436,13.799,34272.36,1,99.403,7.17,27.4,31.4,NA,2.97,83.56
6/30/2020,249271,301,28355,9,5331.455,6.438,606.462,0.192,NA,NA,NA,NA,25125,0.537,tests performed,33.8,46754783,93.105,45.5,19.436,13.799,34272.36,1,99.403,7.17,27.4,31.4,NA,2.97,83.56
7/1/2020,249659,388,28363,8,5339.753,8.299,606.633,0.171,NA,NA,NA,NA,25014,0.535,tests performed,33.8,46754783,93.105,45.5,19.436,13.799,34272.36,1,99.403,7.17,27.4,31.4,NA,2.97,83.56
7/2/2020,250103,444,28368,5,5349.25,9.496,606.74,0.107,NA,3644458,77.948,NA,24904,0.533,tests performed,33.8,46754783,93.105,45.5,19.436,13.799,34272.36,1,99.403,7.17,27.4,31.4,NA,2.97,83.56
7/3/2020,250545,442,28385,17,5358.703,9.454,607.104,0.364,NA,NA,NA,NA,25535,0.546,tests performed,33.8,46754783,93.105,45.5,19.436,13.799,34272.36,1,99.403,7.17,27.4,31.4,NA,2.97,83.56
7/4/2020,250545,0,28385,0,5358.703,0,607.104,0,NA,NA,NA,NA,26166,0.56,tests performed,49.54,46754783,93.105,45.5,19.436,13.799,34272.36,1,99.403,7.17,27.4,31.4,NA,2.97,83.56
7/5/2020,250545,0,28385,0,5358.703,0,607.104,0,NA,NA,NA,NA,26797,0.573,tests performed,49.54,46754783,93.105,45.5,19.436,13.799,34272.36,1,99.403,7.17,27.4,31.4,NA,2.97,83.56
7/6/2020,251789,1244,28388,3,5385.31,26.607,607.168,0.064,NA,NA,NA,NA,27428,0.587,tests performed,49.54,46754783,93.105,45.5,19.436,13.799,34272.36,1,99.403,7.17,27.4,31.4,NA,2.97,83.56
7/7/2020,252130,341,28392,4,5392.603,7.293,607.253,0.086,NA,NA,NA,NA,28059,0.6,tests performed,49.54,46754783,93.105,45.5,19.436,13.799,34272.36,1,99.403,7.17,27.4,31.4,NA,2.97,83.56
7/8/2020,252513,383,28396,4,5400.795,8.192,607.339,0.086,NA,NA,NA,NA,28690,0.614,tests performed,49.54,46754783,93.105,45.5,19.436,13.799,34272.36,1,99.403,7.17,27.4,31.4,NA,2.97,83.56
7/9/2020,253056,543,28401,5,5412.409,11.614,607.446,0.107,NA,3849701,82.338,NA,29320,0.627,tests performed,49.54,46754783,93.105,45.5,19.436,13.799,34272.36,1,99.403,7.17,27.4,31.4,NA,2.97,83.56
7/10/2020,253908,852,28403,2,5430.632,18.223,607.489,0.043,NA,NA,NA,NA,29702,0.635,tests performed,49.54,46754783,93.105,45.5,19.436,13.799,34272.36,1,99.403,7.17,27.4,31.4,NA,2.97,83.56
7/11/2020,253908,0,28403,0,5430.632,0,607.489,0,NA,NA,NA,NA,30085,0.643,tests performed,49.54,46754783,93.105,45.5,19.436,13.799,34272.36,1,99.403,7.17,27.4,31.4,NA,2.97,83.56
7/12/2020,253908,0,28403,0,5430.632,0,607.489,0,NA,NA,NA,NA,30467,0.652,tests performed,49.54,46754783,93.105,45.5,19.436,13.799,34272.36,1,99.403,7.17,27.4,31.4,NA,2.97,83.56
7/13/2020,255953,2045,28406,3,5474.37,43.739,607.553,0.064,NA,NA,NA,NA,30849,0.66,tests performed,49.54,46754783,93.105,45.5,19.436,13.799,34272.36,1,99.403,7.17,27.4,31.4,NA,2.97,83.56
7/14/2020,256619,666,28409,3,5488.615,14.245,607.617,0.064,NA,NA,NA,NA,31231,0.668,tests performed,49.54,46754783,93.105,45.5,19.436,13.799,34272.36,1,99.403,7.17,27.4,31.4,NA,2.97,83.56
7/15/2020,257494,875,28413,4,5507.33,18.715,607.703,0.086,NA,NA,NA,NA,31613,0.676,tests performed,58.8,46754783,93.105,45.5,19.436,13.799,34272.36,1,99.403,7.17,27.4,31.4,NA,2.97,83.56
7/16/2020,258855,1361,28416,3,5536.439,29.109,607.767,0.064,NA,4073664,87.128,NA,31995,0.684,tests performed,58.8,46754783,93.105,45.5,19.436,13.799,34272.36,1,99.403,7.17,27.4,31.4,NA,2.97,83.56
7/17/2020,260255,1400,28420,4,5566.382,29.943,607.852,0.086,NA,NA,NA,NA,33003,0.706,tests performed,58.8,46754783,93.105,45.5,19.436,13.799,34272.36,1,99.403,7.17,27.4,31.4,NA,2.97,83.56
7/18/2020,260255,0,28420,0,5566.382,0,607.852,0,NA,NA,NA,NA,34011,0.727,tests performed,58.8,46754783,93.105,45.5,19.436,13.799,34272.36,1,99.403,7.17,27.4,31.4,NA,2.97,83.56
7/19/2020,260255,0,28420,0,5566.382,0,607.852,0,NA,NA,NA,NA,35019,0.749,tests performed,58.8,46754783,93.105,45.5,19.436,13.799,34272.36,1,99.403,7.17,27.4,31.4,NA,2.97,83.56
7/20/2020,264836,4581,28422,2,5664.362,97.979,607.895,0.043,NA,NA,NA,NA,36027,0.771,tests performed,58.8,46754783,93.105,45.5,19.436,13.799,34272.36,1,99.403,7.17,27.4,31.4,NA,2.97,83.56
7/21/2020,266194,1358,28424,2,5693.407,29.045,607.938,0.043,NA,NA,NA,NA,37035,0.792,tests performed,58.8,46754783,93.105,45.5,19.436,13.799,34272.36,1,99.403,7.17,27.4,31.4,NA,2.97,83.56
7/22/2020,267551,1357,28426,2,5722.431,29.024,607.981,0.043,NA,NA,NA,NA,38043,0.814,tests performed,58.8,46754783,93.105,45.5,19.436,13.799,34272.36,1,99.403,7.17,27.4,31.4,NA,2.97,83.56
7/23/2020,270166,2615,28429,3,5778.361,55.93,608.045,0.064,NA,4347022,92.975,NA,39051,0.835,tests performed,58.8,46754783,93.105,45.5,19.436,13.799,34272.36,1,99.403,7.17,27.4,31.4,NA,2.97,83.56
7/24/2020,272421,2255,28432,3,5826.591,48.23,608.109,0.064,NA,NA,NA,NA,39707,0.849,tests performed,58.8,46754783,93.105,45.5,19.436,13.799,34272.36,1,99.403,7.17,27.4,31.4,NA,2.97,83.56
7/25/2020,272421,0,28432,0,5826.591,0,608.109,0,NA,NA,NA,NA,40362,0.863,tests performed,58.8,46754783,93.105,45.5,19.436,13.799,34272.36,1,99.403,7.17,27.4,31.4,NA,2.97,83.56
7/26/2020,272421,0,28432,0,5826.591,0,608.109,0,NA,NA,NA,NA,41017,0.877,tests performed,58.8,46754783,93.105,45.5,19.436,13.799,34272.36,1,99.403,7.17,27.4,31.4,NA,2.97,83.56
7/27/2020,278782,6361,28434,2,5962.641,136.05,608.152,0.043,NA,NA,NA,NA,41673,0.891,tests performed,NA,46754783,93.105,45.5,19.436,13.799,34272.36,1,99.403,7.17,27.4,31.4,NA,2.97,83.56
7/28/2020,280610,1828,28436,2,6001.739,39.098,608.194,0.043,NA,NA,NA,NA,42328,0.905,tests performed,NA,46754783,93.105,45.5,19.436,13.799,34272.36,1,99.403,7.17,27.4,31.4,NA,2.97,83.56
7/29/2020,282641,2031,28441,5,6045.178,43.439,608.301,0.107,NA,NA,NA,NA,42983,0.919,tests performed,NA,46754783,93.105,45.5,19.436,13.799,34272.36,1,99.403,7.17,27.4,31.4,NA,2.97,83.56
7/30/2020,285430,2789,28443,2,6104.83,59.652,608.344,0.043,NA,4652493,99.508,NA,43639,0.933,tests performed,NA,46754783,93.105,45.5,19.436,13.799,34272.36,1,99.403,7.17,27.4,31.4,NA,2.97,83.56
7/31/2020,288522,3092,28445,2,6170.962,66.132,608.387,0.043,NA,NA,NA,NA,NA,NA,,NA,46754783,93.105,45.5,19.436,13.799,34272.36,1,99.403,7.17,27.4,31.4,NA,2.97,83.56
